{
    "pools": [
        {
            "rolls": 1,
            "entries": [
                {
                    "type": "item",
                    "name": "golden_axe",
                    "weight": 1,
                    "functions": [
                        {
                            "function": "set_count",
                            "count": 1
                        },
                        {
                            "function": "set_nbt",
                            "tag":"{sp_wp:{hand:1,tmr:1,id:bsax},Enchantments:[{id:\"sharpness\",lvl:2},{id:\"efficiency\",lvl:2}],display:{Name:'{\"text\":\"Axe of Berserker\",\"color\":\"gold\",\"italic\":false}',Lore:['{\"text\":\"Fighting Spirit I\",\"color\":\"dark_red\",\"italic\":false}']}}"
                        }
                    ]
                }
            ]
        }
    ]
}