{
    "pools": [
        {
            "rolls": 1,
            "entries": [
                {
                    "type": "item",
                    "name": "minecraft:shield",
                    "weight": 1,
                    "functions": [
                        {
                            "function": "set_count",
                            "count": 1
                        },
                        {
                            "function": "set_nbt",
                            "tag":"{BlockEntityTag:{Base:7,Patterns:[{Pattern:\"pig\",Color:8}]},Enchantments:[{id:\"minecraft:unbreaking\",lvl:1}],sp_wp:{offhand:1,id:gs,tmr:1},display:{Name:'{\"text\":\"Shield of Guard\",\"color\":\"gray\",\"italic\":false}',Lore:['{\"text\":\"Asorption I\",\"color\":\"dark_red\",\"italic\":false}']}}"
                        }
                    ]
                }
            ]
        }
    ]
}