{
    "pools": [
        {
            "rolls": 1,
            "entries": [
                {
                    "type": "item",
                    "name": "minecraft:trident",
                    "weight": 1,
                    "functions": [
                        {
                            "function": "set_count",
                            "count": 1
                        },
                        {
                            "function": "set_nbt",
                            "tag":"{Enchantments:[{id:\"minecraft:impaling\",lvl:1},{id:\"minecraft:loyalty\",lvl:1}],sp_wp:{id:lmt},display:{Name:'{\"text\":\"The Lemon Tree\",\"color\":\"yellow\",\"italic\":false}',Lore:['{\"text\":\"Bad Weather I\",\"color\":\"dark_red\",\"italic\":false}']}}"
                        }
                    ]
                }
            ]
        }
    ]
}