{
    "pools": [
        {
            "rolls": 1,
            "entries": [
                {
                    "type":"item",
                    "name":"minecraft:experience_bottle",
                    "weight": 1,
                    "functions": [
                        {
                            "function": "set_count",
                            "count": 1
                        },
                        {
                            "function": "set_nbt",
                            "tag": "{sp_mob:{item:1,id:exp},display:{Name:'{\"text\":\"Experience Orb\"}'}}"
                        }
                    ]
                }
            ]
        }
    ]
    
}