{
    "pools": [
        {
            "rolls": 1,
            "bonus_rolls": {
                "min": 0,
                "max": 2
            },
            "entries": [
                {
                    "type": "loot_table",
                    "name": "minecraft:entities/husk",
                    "weight": 7,
                    "functions": [
                        {
                            "function": "set_count",
                            "count": {
                                "max":2,
                                "min":1
                            }
                        }
                    ]
                },
                {
                    "type": "item",
                    "name": "minecraft:rabbit_foot",
                    "weight": 1,
                    "functions": [
                        {
                            "function": "set_count",
                            "count": 1
                        }
                    ]
                }
            ]
        },
        {
            "rolls": 1,
            "entries": [
                {
                    "type": "loot_table",
                    "name": "sp_mobs:weapons/poison_sword",
                    "weight": 1,
                    "functions": [
                        {
                            "function": "set_count",
                            "count": 1
                        }
                    ],
                    "conditions": [
                        {
                            "condition": "random_chance",
                            "chance": 0.1
                        }
                    ]
                }
            ]
        },
        {
            "rolls": 1,
            "entries": [
                {
                    "type": "loot_table",
                    "name":"sp_mobs:exp",
                    "functions": [
                        {
                            "function": "set_count",
                            "count": 5
                        }
                    ]
                }
            ]
        }
    ]
}