{
    "pools": [
        {
            "rolls": {
                "min": 1,
                "max": 2
            },
            "entries": [
                {
                    "type": "item",
                    "name": "minecraft:blaze_rod",
                    "weight": 3,
                    "functions": [
                        {
                            "function": "set_count",
                            "count": {
                                "min": 1,
                                "max": 3
                            }
                        },
                        {
                            "function": "set_nbt",
                            "tag": "{sp_item:{is:1,inv:1,np:1}}"
                        }
                    ]
                }
            ]
        },
        {
            "rolls": 1,
            "entries": [
                {
                    "type": "loot_table",
                    "name":"sp_mobs:exp",
                    "functions": [
                        {
                            "function": "set_count",
                            "count": 3
                        }
                    ]
                }
            ]
        }
    ]
}