{
    "pools": [
        {
            "rolls": {
                "min": 1,
                "max": 2
            },
            "entries": [
                {
                    "type": "loot_table",
                    "name": "minecraft:entities/zombie",
                    "weight": 3,
                    "functions": [
                        {
                            "function": "set_count",
                            "count":{
                                "min":1,
                                "max": 2
                            }
                        }
                    ]
                },
                {
                    "type": "item",
                    "name": "minecraft:bone",
                    "weight": 3,
                    "functions": [
                        {
                            "function": "set_count",
                            "count":{
                                "min":1,
                                "max": 2
                            }
                        }
                    ]
                }
            ]
        },
        {
            "rolls": {
                "min": 2,
                "max": 5
            },
            "entries": [
                {
                    "type": "item",
                    "name": "minecraft:stick",
                    "weight": 2,
                    "functions": [
                        {
                            "function": "set_count",
                            "count": {
                                "min": 1,
                                "max": 3
                            }
                        }
                    ]
                },
                {
                    "type": "item",
                    "name": "minecraft:bread",
                    "weight": 2,
                    "functions": [
                        {
                            "function": "set_count",
                            "count": {
                                "min": 0,
                                "max": 1
                            }
                        }
                    ]
                },
                {
                    "type": "item",
                    "name": "minecraft:coal",
                    "weight": 2,
                    "functions": [
                        {
                            "function": "set_count",
                            "count": {
                                "min": 0,
                                "max": 2
                            }
                        }
                    ]
                }
            ]
        }
    ]
}