{
    "pools": [
        {
            "rolls": {
                "min": 2,
                "max": 3
            },
            "bonus_rolls": {
                "min": 2.7,
                "max": 6.1
            },
            "entries": [
                {
                    "type": "item",
                    "name": "minecraft:blaze_rod",
                    "weight": 1,
                    "functions": [
                        {
                            "function": "set_count",
                            "count": {
                                "min": 1,
                                "max": 2
                            }
                        },
                        {
                            "function": "set_nbt",
                            "tag": "{sp_mob:{item:1,inv:1}}"
                        }
                    ]
                }
            ]
        },
        {
            "rolls": 1,
            "entries": [
                {
                    "type": "loot_table",
                    "name":"sp_mobs:exp",
                    "functions": [
                        {
                            "function": "set_count",
                            "count": 25
                        }
                    ]
                }
            ]
        },
        {
            "rolls": 1,
            "entries": [
                {
                    "type": "item",
                    "name":"snowball",
                    "functions": [
                        {
                            "function": "set_count",
                            "count": 1
                        },
                        {
                            "function": "set_nbt",
                            "tag": "{sp_mob:{item:1,id:chest,what:revenger}}"
                        }
                    ]
                }
            ]
        }
    ]
}