{
    "pools": [
        {
            "rolls": 1,
            "entries": [
                {
                    "type": "item",
                    "name": "wooden_sword",
                    "weight": 1,
                    "functions": [
                        {
                            "function": "set_count",
                            "count": 1
                        },
                        {
                            "function": "set_nbt",
                            "tag":"{sp_wp:{hand:1,id:os},Enchantments:[{id:\"looting\",lvl:1}],display:{Name:'{\"text\":\"Oasis\",\"color\":\"yellow\",\"italic\":false}',Lore:['{\"text\":\"Life Absorption I\",\"color\":\"dark_red\",\"italic\":false}']}}"
                        }
                    ]
                }
            ]
        }
    ]
}