{
    "pools": [
        {
            "rolls": 1,
            "entries": [
                {
                    "type": "item",
                    "name": "crossbow",
                    "weight": 1,
                    "functions": [
                        {
                            "function": "set_count",
                            "count": 1
                        },
                        {
                            "function": "set_nbt",
                            "tag": "{sp_wp:{hand:1,id:pcb},display:{Name:'{\"text\":\"Piglin\\'s Crossbow\",\"color\":\"gold\",\"italic\":false}',Lore:['{\"text\":\"High Quality I\",\"color\":\"gray\",\"italic\":false}']},Enchantments:[{id:\"minecraft:piercing\",lvl:1}]}"
                        }
                    ]
                }
            ]
        }
    ]
}