{
    "pools": [
        {
            "rolls": 1,
            "bonus_rolls": {
                "min": 1.5,
                "max": 4.1
            },
            "entries": [
                {
                    "type": "item",
                    "name": "minecraft:spider_eye",
                    "weight": 3,
                    "functions": [
                        {
                            "function": "set_count",
                            "count": {
                                "min": 1,
                                "max": 2
                            }
                        }
                    ]
                },
                {
                    "type": "item",
                    "name": "minecraft:nether_wart",
                    "weight": 1,
                    "functions": [
                        {
                            "function": "set_count",
                            "count": {
                                "min": 1,
                                "max": 2
                            }
                        }
                    ]
                },
                {
                    "type": "item",
                    "name": "minecraft:brown_mushroom",
                    "weight": 1,
                    "functions": [
                        {
                            "function": "set_count",
                            "count": {
                                "min": 1,
                                "max": 2
                            }
                        }
                    ]
                }
            ]
        },
        {
            "rolls": {
                "min":2,
                "max":4
            },
            "entries": [
                {
                    "type":"item",
                    "name":"minecraft:fermented_spider_eye",
                    "weight": 1,
                    "functions": [
                        {
                            "function": "set_count",
                            "count": 1
                        },
                        {
                            "function": "set_nbt",
                            "tag": "{sp_item:{is:1,id:spsp},display:{Name:'{\"text\":\"Spider Egg\"}'}}"
                        }
                    ]
                }
            ]
        },
        {
            "rolls": 1,
            "entries": [
                {
                    "type": "loot_table",
                    "name": "sp_mobs:weapons/poison_sword",
                    "weight": 1,
                    "functions": [
                        {
                            "function": "set_count",
                            "count": 1
                        }
                    ],
                    "conditions": [
                        {
                            "condition": "random_chance",
                            "chance": 0.1
                        }
                    ]
                }
            ]
        },
        {
            "rolls": 1,
            "entries": [
                {
                    "type": "loot_table",
                    "name":"sp_mobs:exp",
                    "functions": [
                        {
                            "function": "set_count",
                            "count": 4
                        }
                    ]
                }
            ]
        }
    ]
}