{
    "pools": [
        {
            "rolls": 1,
            "entries": [
                {
                    "type": "item",
                    "name": "minecraft:golden_sword",
                    "weight": 1,
                    "functions": [
                        {
                            "function": "set_count",
                            "count": 1
                        },
                        {
                            "function": "set_nbt",
                            "tag":"{Enchantments:[{id:\"sharpness\",lvl:3}],sp_mob:{hand:1,id:fs},display:{Name:'{\"text\":\"Sword of Revenger\",\"color\":\"gold\",\"italic\":false}',Lore:['{\"text\":\"Brutal Fire I\",\"color\":\"dark_red\",\"italic\":false}']}}"
                        }
                    ]
                }
            ]
        }
    ]
}