{
    "pools": [
        {
            "rolls": 1,
            "entries": [
                {
                    "type": "item",
                    "name": "minecraft:bow",
                    "weight": 1,
                    "functions": [
                        {
                            "function": "set_count",
                            "count": 1
                        },
                        {
                            "function": "set_nbt",
                            "tag":"{sp_wp:{hand:1,id:lt,tmr:1},display:{Name:'{\"text\":\"Lightning Bow\",\"color\":\"light_purple\",\"italic\":false}',Lore:['{\"text\":\"Lightning Strike I\",\"color\":\"dark_red\",\"italic\":false}']},Enchantments:[{id:\"infinity\",lvl:1}]}"
                        }
                    ]
                }
            ]
        }
    ]
}