{
    "pools": [
        {
            "rolls": 1,
            "entries": [
                {
                    "type": "item",
                    "name": "minecraft:iron_sword",
                    "weight": 1,
                    "functions": [
                        {
                            "function": "set_count",
                            "count": 1
                        },
                        {
                            "function": "set_nbt",
                            "tag":"{sp_wp:{hand:1,id:njf},display:{Name:'{\"text\":\"Ninja\\'s Knife\",\"color\":\"aqua\",\"italic\":false}',Lore:['{\"text\":\"Trap I\",\"color\":\"gray\",\"italic\":false}']},Enchantments:[{id:\"sweeping\",lvl:1}]}"
                        }
                    ]
                }
            ]
        }
    ]
}