{
    "pools": [
        {
            "rolls": 1,
            "entries": [
                {
                    "type": "item",
                    "name": "minecraft:wooden_sword",
                    "weight": 1,
                    "functions": [
                        {
                            "function": "set_count",
                            "count": 1
                        },
                        {
                            "function": "set_nbt",
                            "tag":"{Enchantments:[{id:\"sharpness\",lvl:1}],sp_wp:{hand:1,id:ps},display:{Name:'{\"text\":\"Poison Edge\",\"color\":\"dark_green\",\"italic\":false}',Lore:['{\"text\":\"Poison I\",\"color\":\"gray\",\"italic\":false}']}}"
                        }
                    ]
                }
            ]
        }
    ]
}