{
    "pools": [
        {
            "rolls": {
                "min": 1,
                "max": 2
            },
            "bonus_rolls": {
                "min": 1.7,
                "max": 5.1
            },
            "entries": [
                {
                    "type": "item",
                    "name": "minecraft:chorus_fruit",
                    "weight": 3,
                    "functions": [
                        {
                            "function": "set_count",
                            "count": {
                                "min": 1,
                                "max": 2
                            }
                        }
                    ]
                },
                {
                    "type": "item",
                    "name": "minecraft:shulker_shell",
                    "weight": 1,
                    "functions": [
                        {
                            "function": "set_count",
                            "count": {
                                "min": 1,
                                "max": 2
                            }
                        }
                    ]
                }
            ]
        },
        {
            "rolls": 1,
            "entries": [
                {
                    "type": "loot_table",
                    "name":"sp_mobs:exp",
                    "functions": [
                        {
                            "function": "set_count",
                            "count": 8
                        }
                    ]
                }
            ]
        }
    ]
}