{
    "pools": [
        {
            "rolls":{
                "min":1,
                "max":2
            },
            "entries": [
                {
                    "type": "item",
                    "name": "gunpowder",
                    "weight": 6,
                    "functions": [
                        {
                            "function": "set_count",
                            "count": {
                                "max":1,
                                "min":2
                            }
                        },
                        {
                            "function": "set_nbt",
                            "tag": "{sp_mob:{item:1,inv:1}}"
                        }
                    ]
                }
            ]
        },
        {
            "rolls":{
                "min":1,
                "max":3
            },
            "entries": [
                {
                    "type": "item",
                    "name": "gunpowder",
                    "weight": 6,
                    "functions": [
                        {
                            "function": "set_count",
                            "count": {
                                "max":1,
                                "min":8
                            }
                        },
                        {
                            "function": "set_nbt",
                            "tag": "{sp_mob:{item:1,inv:1,np:1}}"
                        }
                    ]
                }
            ]
        },
        {
            "rolls":1,
            "entries": [
                {
                    "type": "loot_table",
                    "name": "sp_mobs:exp",
                    "weight": 10,
                    "functions": [
                        {
                            "function": "set_count",
                            "count": 10
                        }
                    ]
                }
            ]
        },
        {
            "rolls":1,
            "entries": [
                {
                    "type": "item",
                    "name": "snowball",
                    "weight": 10,
                    "functions": [
                        {
                            "function": "set_count",
                            "count": 1
                        },
                        {
                            "function": "set_nbt",
                            "tag": "{sp_mob:{item:1,id:lightning_bomb}}"
                        }
                    ]
                }
            ]
        }
    ]
}