{
    "pools": [
        {
            "rolls": {
                "min": 1,
                "max": 2
            },
            "bonus_rolls": {
                "min": 1.7,
                "max": 5.1
            },
            "entries": [
                {
                    "type": "item",
                    "name": "minecraft:diamond",
                    "weight": 2,
                    "functions": [
                        {
                            "function": "set_count",
                            "count": 1
                        }
                    ]
                },
                {
                    "type": "loot_table",
                    "name": "minecraft:blocks/lapis_ore",
                    "weight": 3,
                    "functions": [
                        {
                            "function": "set_count",
                            "count": {
                                "min": 1,
                                "max": 2
                            }
                        }
                    ]
                },
                {
                    "type": "loot_table",
                    "name": "minecraft:entities/enderman",
                    "weight": 4,
                    "functions": [
                        {
                            "function": "set_count",
                            "count": 1
                        }
                    ]
                }
                
            ]
        },
        {
            "rolls": 1,
            "entries": [
                {
                    "type": "item",
                    "name": "minecraft:elytra",
                    "weight": 1,
                    "functions": [
                        {
                            "function": "set_count",
                            "count": 1
                        },
                        {
                            "function": "set_nbt",
                            "tag": "{Damage:1000}"
                        }
                    ]
                },
                {
                    "type": "item",
                    "name": "minecraft:phantom_membrane",
                    "weight": 3,
                    "functions": [
                        {
                            "function": "set_count",
                            "count": {
                                "min": 1,
                                "max": 3
                            }
                        }
                    ]
                }
            ]
        }
    ]
}