{
    "pools": [
        {
            "rolls": {
                "max": 3,
                "min": 1
            },
            "entries": [
                {
                    "type": "item",
                    "name":"ender_pearl",
                    "functions": [
                        {
                            "function": "set_count",
                            "count": {
                                "max": 3,
                                "min": 1
                            }
                        }
                    ]
                },
                {
                    "type": "item",
                    "name":"ender_eye",
                    "functions": [
                        {
                            "function": "set_count",
                            "count": {
                                "max": 1,
                                "min": 0
                            }
                        }
                    ]
                }
            ]
        }
    ]
}