{
    "pools": [
        {
            "rolls": 1,
            "entries": [
                {
                    "type": "loot_table",
                    "name":"sp_mobs:exp",
                    "functions": [
                        {
                            "function": "set_count",
                            "count": 25
                        }
                    ]
                }
            ]
        },
        {
            "rolls": {
                "min": 1,
                "max": 4
            },
            "entries": [
                {
                    "type": "item",
                    "name": "ghast_tear",
                    "weight": 2,
                    "functions": [
                        {
                            "function": "set_count",
                            "count": {
                                "max": 2,
                                "min": 1
                            }
                        }
                    ]
                },
                {
                    "type": "item",
                    "name": "bone",
                    "weight": 3,
                    "functions": [
                        {
                            "function": "set_count",
                            "count": {
                                "max": 3,
                                "min": 1
                            }
                        }
                    ]
                },
                {
                    "type": "item",
                    "name": "diamond",
                    "weight": 2,
                    "functions": [
                        {
                            "function": "set_count",
                            "count": {
                                "max": 2,
                                "min": 1
                            }
                        }
                    ]
                },
                {
                    "type": "item",
                    "name": "phantom_membrane",
                    "weight": 3,
                    "functions": [
                        {
                            "function": "set_count",
                            "count": {
                                "max": 2,
                                "min": 1
                            }
                        }
                    ]
                }
            ]
        }
    ]
}