{
    "pools": [
        {
            "rolls": 1,
            "entries": [
                {
                    "type": "item",
                    "name": "stone_axe",
                    "weight": 1,
                    "functions": [
                        {
                            "function": "set_count",
                            "count": 1
                        },
                        {
                            "function": "set_nbt",
                            "tag": "{sp_mob:{hand:1,id:bax,tmr:1,np:1,item:1},display:{Name:'{\"text\":\"Barbarian\\'s Axe\",\"color\":\"dark_red\"}',Lore:['{\"text\":\"Rush I\",\"color\":\"gray\"}']}}"
                        }
                    ]
                }
            ]
        }
    ]
}