{
    "pools": [
        {
            "rolls": {
                "min": 1,
                "max": 2
            },
            "entries": [
                {
                    "type": "loot_table",
                    "name": "minecraft:chests/nether_bridge",
                    "weight": 1,
                    "functions": [
                        {
                            "function": "set_count",
                            "count": 1
                        }
                    ]
                }
            ]
        },
        {
            "rolls": {
                "min": 1,
                "max": 1
            },
            "entries": [
                {
                    "type": "loot_table",
                    "name": "sp_mobs:weapons/fire_sword",
                    "weight": 1,
                    "conditions": [
                        {
                            "condition": "random_chance",
                            "chance": 0.4
                        }
                    ]
                }
            ]
        }
    ]
}