{
    "pools": [
        {
            "rolls": {
                "min": 1,
                "max": 2
            },
            "entries": [
                {
                    "type": "loot_table",
                    "name": "minecraft:entities/zombie",
                    "weight": 3,
                    "functions": [
                        {
                            "function": "set_count",
                            "count":{
                                "min":1,
                                "max": 2
                            }
                        }
                    ]
                },
                {
                    "type": "item",
                    "name": "minecraft:bone",
                    "weight": 3,
                    "functions": [
                        {
                            "function": "set_count",
                            "count":{
                                "min":1,
                                "max": 2
                            }
                        }
                    ]
                }
            ]
        },
        {
            "rolls":{
                "min":0,
                "max": 2
            },
            "entries": [
                {
                    "type": "item",
                    "name": "minecraft:iron_ingot",
                    "weight": 1,
                    "functions": [
                        {
                            "function": "set_count",
                            "count": 1
                        }
                    ]
                },
                {
                    "type": "item",
                    "name": "minecraft:leather",
                    "weight": 3,
                    "functions": [
                        {
                            "function": "set_count",
                            "count": {
                                "min":0,
                                "max": 1
                            }
                        }
                    ]
                }
            ]
        }
    ]
}